﻿pos_x,pos_y,rotation,side,designator,mpn,pack,footprint,value,mount_type
135.0,-88.1675,0.0,top,1_2_IIC1,,,NS-Tech_Grove_1x04_P2mm_Vertical,Conn_01x04_Socket,tht
143.5,-88.1675,0.0,top,1_2_IIC2,,,NS-Tech_Grove_1x04_P2mm_Vertical,Conn_01x04_Socket,tht
129.0,-108.5,90.0,top,3_4,,,NS-Tech_Grove_1x04_P2mm_Vertical,Conn_01x04_Socket,tht
143.0,-108.5,90.0,top,5_6,,,NS-Tech_Grove_1x04_P2mm_Vertical,Conn_01x04_Socket,tht
136.0,-101.0,90.0,top,A0_7,,,NS-Tech_Grove_1x04_P2mm_Vertical,Conn_01x04_Socket,tht
127.49,-103.95,180.0,top,P1,,,D1_mini_Pin_Header,Connector_Generic:Conn_01x08,tht
150.35,-103.95,180.0,top,P2,,,D1_mini_Pin_Header,Connector_Generic:Conn_01x08,tht
