﻿pos_x,pos_y,rotation,side,designator,mpn,pack,footprint,value,mount_type
101.0,-48.5,0.0,top,,,,OSHW,OSHW,tht
119.8,-60.5,180.0,top,I2C_1,,,NS-Tech_Grove_1x04_P2mm_Vertical,Conn_01x04_Pin,tht
113.5,-60.45,180.0,top,I2C_2,,,NS-Tech_Grove_1x04_P2mm_Vertical,Conn_01x04_Pin,tht
116.5,-72.0,180.0,top,J1,,,NS-Tech_Grove_1x04_P2mm_Vertical,Conn_01x04_Pin,tht
108.5,-72.0,180.0,top,J2,,,NS-Tech_Grove_1x04_P2mm_Vertical,Conn_01x04_Pin,tht
110.25,-79.75,-90.0,top,J3,,,NS-Tech_Grove_1x04_P2mm_Vertical,Conn_01x04_Pin,tht
122.25,-79.75,-90.0,top,J4,,,NS-Tech_Grove_1x04_P2mm_Vertical,Conn_01x04_Pin,tht
107.2,-60.5,180.0,top,J5,,,NS-Tech_Grove_1x04_P2mm_Vertical,Conn_01x04_Pin,tht
113.25,-76.25,0.0,top,SW1,,,SW_Slide-03_Wuerth-WS-SLTV_10x2.5x6.4_P2.54mm,SW_Wuerth_450301014042,tht
112.805,-64.17,0.0,top,U1,,,esp32-wemos-d1-mini,e,tht
